{
	"class_name" : "PinholeCameraParameters",
	"extrinsic" : 
	[
		0.97884744648859245,
		-0.033316279009502812,
		-0.20186060055326152,
		0.0,
		0.038962611568946801,
		-0.9382389365129874,
		0.34378716222498168,
		0.0,
		-0.20084718420353773,
		-0.34438020204991382,
		-0.91709469796394028,
		0.0,
		8.1689994009510301,
		2.24594310921632,
		75.970897381628959,
		1.0
	],
	"intrinsic" : 
	{
		"height" : 980,
		"intrinsic_matrix" : 
		[
			941.28124221587132,
			0.0,
			0.0,
			0.0,
			941.28124221587132,
			0.0,
			959.5,
			489.5,
			1.0
		],
		"width" : 1920
	},
	"version_major" : 1,
	"version_minor" : 0
}